00b21025bbd8c75a0d98410e0f48475729d47754	simple	complex	0	disagree
033803291c465cf17dfa0da92bb651225c642c51	complex	simple	-771	disagree
05db8294fe71114dd5287d4716530ed74b79b74a	simple	simple	-3	agree
05f3bd6def0796991244a469dc1a8512cc079371	simple	complex	0	disagree
0e18cf8da9f8e8657769fa5fdec609679fc3a6b1	simple	simple	-167	agree
10a365f6966227df8cb3aed68208134b4303a52d	simple	complex	739	disagree
12420022764b489683b1fe43f00194a09d4f5ecb	simple	simple	-60	agree
14e4cfb68334d8e9607fd953e84db31f2af4f8e9	complex	complex	1	agree
17fcc0277b85050f36c5bd40bd6046c24f5c8407	simple	complex	27	disagree
2121f024a65ef441ded2c5e18bb4338c94b0a6bd	simple	simple	-1032	agree
29527470663bf303737315db7e7dadc3bcab17d1	simple	simple	-24	agree
2df3263335f2b23a8238927e15cc95265167b99a	simple	simple	-8	agree
3039cce268c88ffb506a4bbf857ef98ceb62219d	simple	complex	1	disagree
3287e5d2e6c06f21816459d9fa79bddac133e478	complex	complex	548	agree
3376810ed3028421571845fd1de194c1db178923	simple	complex	111	disagree
3539ec4ce18c1882e31c150b79f5fe9cb7498a34	simple	simple	-16	agree
3948ca18b93e624c7fd30bca1b7998a58905ca6b	simple	complex	79	disagree
3bc1db51d0cdcfef13950a05a4136ba3dc9469c3	complex	complex	128	agree
417e24ae3c0818aab406d89eae3cff00d2feaff7	complex	complex	1173	agree
428ecbd4c0d05c955a754686c8551aac14f336bb	complex	complex	79	agree
42e8459dad9c3d5af834c91e84b6480c8f5968f1	complex	complex	902	agree
439765054a9169bd4532fd9483889abbd57f524e	complex	complex	1	agree
439a5207bc8f750618daa258ba61db0fe9a9c897	simple	simple	-1332	agree
44d03e29f712857790b9b9316dded28f7e6d0152	simple	complex	242	disagree
49e9f5d951a0b4fda9a048b7224564b812b99a41	simple	complex	253	disagree
4a0aae87596a58f141ac114806df1a8c5aadc47e	complex	complex	371	agree
4eb0c3046522a58d2dc370671b67bc733aef9a53	complex	complex	158	agree
4f844ef102d65adb67c1aa8e4ba0a8d965f254df	complex	complex	1088	agree
56b0d7b4f0785a813c9d0b2cbcc6ff49fc5ffe86	complex	complex	416	agree
5aa61232843e17b11a1b08f8c606a8f8f217f4fc	simple	simple	-53	agree
5cfb5a1adf55cf1cbbea6b67bf195a673bdab58b	simple	simple	-70	agree
688456a5d844ef6716fd6f39e3b15f63547a7421	complex	complex	1289	agree
6a9d901a04080466625a860e7a5b407e229d35b2	simple	complex	0	disagree
6c19f443cad075410e2c2eb88b8423dd3a6b0146	simple	complex	10	disagree
6d3686c8c47a7bb4a6e6b6640ce5b2ffd860b14f	complex	complex	1377	agree
6d6dbbf36b9dfe0baa8b2cfd281d20e59dde7744	simple	complex	16	disagree
6db313f47e07951a5f062251c74f0a6c51db79d7	complex	complex	285	agree
714c115568a3ed9561c24bc7ca28cf9d8cbf68d8	complex	complex	69	agree
72f9631dd4ce9b394a61934219b669b43bf258db	simple	complex	75	disagree
770fae4c1365099aafc705ddc70e54af53146043	complex	complex	64	agree
7a4c588792b8bdb7ef4e0664cee20bb03d4243bf	simple	complex	311	disagree
7be57029349a23ae940de7705e5f73a3a861cc21	complex	complex	457	agree
7e22393bdbd574231f68a8915946ee8dc2d3028e	complex	complex	73	agree
8071f7789014129397c284945003c49814848e39	simple	simple	-35	agree
80aa28cc34e45336a101abcd80371de6cd7dbd74	complex	complex	547	agree
80be844240c3698ece2d88f2c0dfdecbd184d6c6	complex	simple	-95	disagree
850f4141d929148847fa891bf72cbee2944e4846	complex	complex	8	agree
8695db191370bd53c94af8341716c1660c2920e7	simple	simple	-120	agree
88bb42b24b88885a5f6eea1b1cc6fadeff680518	complex	complex	713	agree
8a6e2e906e13dea8802ff5d84d855e2f4d76ba93	simple	complex	13	disagree
8ac5620223e24accd7e808382694b3c336d11011	complex	complex	360	agree
8b5b6508d8070b6d4d5bf076741536caa12cf7f0	complex	complex	117	agree
9029857cc7fc7e0f03460ca6e73a74145737a712	complex	complex	84	agree
944f1c7364d0f024349c9640592b649201af23c5	simple	simple	-285	agree
94695c891423cd092cb0b432cb4f144a32a14562	complex	complex	419	agree
96048c664b1cce9240c8a40767bfdd52f70dc0ed	complex	complex	255	agree
99a42324afa42d457bab00bbacd2d1a823943130	simple	complex	6	disagree
9d3a180b6f34ea2d6da1e25a92ac0a88e646f3b4	simple	simple	-109	agree
9e4b2f7265310201c99e9ed87e32ae7936b2da5c	simple	simple	-1522	agree
9ebcb060f55859aea16836ed7fde185838d7642b	simple	simple	-23	agree
9fb11496a2dd9c01fe6692970437fe8196633c1e	simple	complex	0	disagree
a1709a7122ca5475f6d19952b622810bf3da2a69	simple	simple	-24	agree
b11a749494b75b4ffd248bf4ca5208114219a3ba	simple	simple	-85	agree
b785120ef391ec27b7f897af45e2d8f305b9f7ce	simple	simple	-232	agree
bd10b50657f1705c0570805bed2c49636626ef16	simple	simple	-27	agree
be88c4faa89fe3b3b144b425748ee74a3fade846	complex	complex	0	agree
c1cd645ccb3e49b1c8e1550fca63b73980fecc72	simple	simple	-3	agree
c62b9ba977f75661bfb791e1a80948c2b89eefc3	simple	complex	49	disagree
c9af1f1333d5ad42ac71ce71afca51c051da3d15	simple	complex	0	disagree
c9f6462fbdcf57a748591cbec2a6b7a92f401a6a	simple	complex	0	disagree
cf4599ba782010b852984c58efce32ec515865b2	simple	simple	-6	agree
d6d6e4ea03be8198739488d607dab68ee4892666	complex	complex	616	agree
e02896ff5a9a011159704d80e6d3451b16bb158d	complex	complex	548	agree
e205934bfbd2273fa70fff927057fb5168ec1617	complex	complex	47	agree
e480f78eb48c74342f325ccfe81be4845745e22b	simple	simple	-2292	agree
e554eab3adf0f9ba34ed0d6cd12bec55d61977ab	simple	simple	-23	agree
e5727bab4992488b477d1e3ca4e565b3b50f5664	complex	complex	13	agree
f17225c1952cc08df68dc43b1af89137ca4f9d15	simple	complex	182	disagree
f2231a690dc88e99dfc94cfaebd1cad331510555	complex	complex	158	agree
f3c8a0adc9f95d12323f901221aa44285adf913c	simple	complex	149	disagree
f3cdd21a25cb0f84ef8f3e80cfd86c1e47d62af4	simple	complex	0	disagree
f5c3dc59545889226f714eb2d6cad421920090c6	complex	complex	856	agree
fa35bf69e2315e58dbbbdba90448189ddf0dcf77	simple	simple	-65	agree
facbc84413277ad3e88408978728b3dcecb5de37	complex	complex	1306	agree
fb4d43e727112ac5ce9e8a8eec432b14022d509f	complex	complex	58	agree
fbd29c888b58bb65308c95652faa89cbe0e64615	simple	simple	-1	agree
fe0937ce6e9fa1debea480d100c84c63e04dae37	simple	complex	47	disagree
fe38b81bb864cf0cdc8e4e63ae0d268e184e83ee	complex	complex	222	agree
